-- 쿼리문에 개행이 없어야 함 ( 명령어 하나는 무조건 한줄 )

INSERT INTO `main_code` (`main_code_id`, `cd_name`, `description`) VALUES (1, 'role', '권한') ;
INSERT INTO `sub_code` (`sub_code_id`, `main_code_id`, `val`, `description`) VALUES (1, 1, 'ROLE_USER', '일반 사용자'), (2, 1, 'ROLE_ADMIN', '관리자') ;
INSERT INTO `user` (`user_id`,`provider_type`, `uid`, `upw`, `nm`, `pic`, `created_at`, `updated_at`) VALUES(1,4, 'mic1', '$2a$10$gSmS4Bw0wi35PURGxKeq0ua3V0xI20f5NrxelSkSmLXFaPMENt8Qm', '일반사용자', 'a4983740-8a6d-4692-9e17-8b45e1b6f8e4.jpg', '2024-05-3 18:00:47', '2024-07-15 10:14:51') ,(2,4, 'mic2', '$2a$10$gSmS4Bw0wi35PURGxKeq0ua3V0xI20f5NrxelSkSmLXFaPMENt8Qm', '관리자', NULL, '2024-05-03 18:00:55', '2024-07-15 10:14:41'),(3,4, 'mic3', '$2a$10$gSmS4Bw0wi35PURGxKeq0ua3V0xI20f5NrxelSkSmLXFaPMENt8Qm', '사용자_관리자', NULL, '2024-07-15 10:10:42', '2024-07-15 10:14:42') ;
INSERT INTO `user_role` (`user_id`, `role_cd`, `role`) VALUES(1, 1, 'ROLE_USER'), (2, 2, 'ROLE_ADMIN'), (3, 1, 'ROLE_USER'), (3, 2, 'ROLE_ADMIN') ;
INSERT INTO `feed` (`created_at`, `updated_at`, `writer_id`, `location`, `contents`) VALUES ('2024-07-25 11:16:37.000000', '2024-07-25 11:16:37.000000', 1, 'asdf', 'asdf'), ('2024-07-25 11:16:37.000000', '2024-07-25 11:16:37.000000', 2, 'asdf', 'asdf') ;
INSERT INTO `feed_comment` (`created_at`, `feed_id`, `updated_at`, `user_id`, `comment`) VALUES ('2024-07-30 10:10:21.000000', 1, '2024-07-30 10:10:20.000000', 1, '1번째'), ('2024-07-30 10:10:21.000000', 1, '2024-07-30 10:10:20.000000', 2, '2번째'), ('2024-07-30 10:10:21.000000', 1, '2024-07-30 10:10:20.000000', 2, '3번째'), ('2024-07-30 10:10:21.000000', 1, '2024-07-30 10:10:20.000000', 2, '4번째'), ('2024-07-30 10:10:21.000000', 1, '2024-07-30 10:10:20.000000', 2, '5번째'), ('2024-07-30 10:10:21.000000', 2, '2024-07-30 10:10:20.000000', 3, '1번째'), ('2024-07-30 10:10:21.000000', 2, '2024-07-30 10:10:20.000000', 3, '2번째');